{
  "setting": {
    "preloadBackgroundData": false,
    "urlCheck": true,
    "compileHotReLoad": true
  },
  "condition": {
    "miniprogram": {
      "list": [
        {
          "name": "",
          "pathName": "pages/maps/maps",
          "query": "",
          "launchMode": "default",
          "scene": null
        },
        {
          "name": "",
          "pathName": "pages/mapslist/mapslist",
          "query": "",
          "launchMode": "default",
          "scene": null
        },
        {
          "name": "",
          "pathName": "pages/home/home",
          "query": "",
          "launchMode": "default",
          "scene": null
        },
        {
          "name": "",
          "pathName": "pages/mapslist/mapslist",
          "query": "",
          "launchMode": "default",
          "scene": null
        },
        {
          "name": "",
          "pathName": "pages/mapslist/mapslist",
          "query": "",
          "launchMode": "default",
          "scene": null
        },
        {
          "name": "",
          "pathName": "pages/userForm/userForm",
          "query": "",
          "launchMode": "default",
          "scene": null
        },
        {
          "name": "",
          "pathName": "pages/test/test",
          "query": "",
          "launchMode": "default",
          "scene": null
        }
      ]
    }
  },
  "description": "项目私有配置文件。此文件中的内容将覆盖 project.config.json 中的相同字段。项目的改动优先同步到此文件中。详见文档：https://developers.weixin.qq.com/miniprogram/dev/devtools/projectconfig.html",
  "libVersion": "2.25.2",
  "projectname": "%E4%BE%BF%E6%B0%91%E7%96%AB%E6%83%85%E5%B7%A5%E5%85%B7"
}